Country Name,Country Code,Series Name,Series Code,1990 [YR1990],1991 [YR1991],1992 [YR1992],1993 [YR1993],1994 [YR1994],1995 [YR1995],1996 [YR1996],1997 [YR1997],1998 [YR1998],1999 [YR1999],2000 [YR2000],2001 [YR2001],2002 [YR2002],2003 [YR2003],2004 [YR2004],2005 [YR2005],2006 [YR2006],2007 [YR2007],2008 [YR2008],2009 [YR2009],2010 [YR2010],2011 [YR2011],2012 [YR2012],2013 [YR2013],2014 [YR2014]
Afghanistan,AFG,Time required to start a business (days),IC.REG.DURS,..,..,..,..,..,..,..,..,..,..,..,..,..,..,9,9,9,9,9,7,7,7,7,5,7
Albania,ALB,Time required to start a business (days),IC.REG.DURS,..,..,..,..,..,..,..,..,..,..,..,..,..,40,39,40,38,36,9,6,6,5.5,4.5,4.5,4.5
Algeria,DZA,Time required to start a business (days),IC.REG.DURS,..,..,..,..,..,..,..,..,..,..,..,..,..,24,24,24,24,24,24,24,24,24,24,24,22
American Samoa,ASM,Time required to start a business (days),IC.REG.DURS,..,..,..,..,..,..,..,..,..,..,..,..,..,..,..,..,..,..,..,..,..,..,..,..,..
Andorra,AND,Time required to start a business (days),IC.REG.DURS,..,..,..,..,..,..,..,..,..,..,..,..,..,..,..,..,..,..,..,..,..,..,..,..,..
Angola,AGO,Time required to start a business (days),IC.REG.DURS,..,..,..,..,..,..,..,..,..,..,..,..,..,83,83,83,83,83,68,68,66,66,66,66,66
Antigua and Barbuda,ATG,Time required to start a business (days),IC.REG.DURS,..,..,..,..,..,..,..,..,..,..,..,..,..,..,..,25,21,21,21,21,21,21,21,21,21
Arab World,ARB,Time required to start a business (days),IC.REG.DURS,..,..,..,..,..,..,..,..,..,..,..,..,..,45.6153846153846,41.875,39.5,38.2777777777778,31.7,20.2,19.65,19.675,19.125,20.7380952380952,19.4761904761905,18.6666666666667
Argentina,ARG,Time required to start a business (days),IC.REG.DURS,..,..,..,..,..,..,..,..,..,..,..,..,..,66,30,30,30,30,30.5,25.5,25,25,25,25,25
Armenia,ARM,Time required to start a business (days),IC.REG.DURS,..,..,..,..,..,..,..,..,..,..,..,..,..,18,18,18,17,17,17,14,14,8,8,4,3
Aruba,ABW,Time required to start a business (days),IC.REG.DURS,..,..,..,..,..,..,..,..,..,..,..,..,..,..,..,..,..,..,..,..,..,..,..,..,..
Australia,AUS,Time required to start a business (days),IC.REG.DURS,..,..,..,..,..,..,..,..,..,..,..,..,..,3,3,3,3,3,2.5,2.5,2.5,2.5,2.5,2.5,2.5
Austria,AUT,Time required to start a business (days),IC.REG.DURS,..,..,..,..,..,..,..,..,..,..,..,..,..,25,25,25,25,25,25,25,25,25,25,25,22
Azerbaijan,AZE,Time required to start a business (days),IC.REG.DURS,..,..,..,..,..,..,..,..,..,..,..,..,..,105,121,113,51,36,10,10,8,8,8,7,5
"Bahamas, The",BHS,Time required to start a business (days),IC.REG.DURS,..,..,..,..,..,..,..,..,..,..,..,..,..,..,..,..,..,30.5,30.5,30.5,23.5,23.5,23.5,23.5,23.5
Bahrain,BHR,Time required to start a business (days),IC.REG.DURS,..,..,..,..,..,..,..,..,..,..,..,..,..,..,..,..,..,9,9,9,9,9,9,9,9
Bangladesh,BGD,Time required to start a business (days),IC.REG.DURS,..,..,..,..,..,..,..,..,..,..,..,..,..,58,51.5,51.5,43.5,67.5,66.5,43.5,26.5,26.5,26.5,21.8,19.5
Barbados,BRB,Time required to start a business (days),IC.REG.DURS,..,..,..,..,..,..,..,..,..,..,..,..,..,..,..,..,..,..,..,..,..,18,18,18,18
Belarus,BLR,Time required to start a business (days),IC.REG.DURS,..,..,..,..,..,..,..,..,..,..,..,..,..,79,79,79,69,48,31,10,10,10,10,9,9
Belgium,BEL,Time required to start a business (days),IC.REG.DURS,..,..,..,..,..,..,..,..,..,..,..,..,..,56,34,34,27,4,4,4,4,4,4,4,4
Belize,BLZ,Time required to start a business (days),IC.REG.DURS,..,..,..,..,..,..,..,..,..,..,..,..,..,..,..,57,44,43,43,43,43,43,43,43,43
Benin,BEN,Time required to start a business (days),IC.REG.DURS,..,..,..,..,..,..,..,..,..,..,..,..,..,35,34,34,34,34,34,34,34,32,29,18,12
Bermuda,BMU,Time required to start a business (days),IC.REG.DURS,..,..,..,..,..,..,..,..,..,..,..,..,..,..,..,..,..,..,..,..,..,..,..,..,..
Bhutan,BTN,Time required to start a business (days),IC.REG.DURS,..,..,..,..,..,..,..,..,..,..,..,..,..,64,62,62,62,48,46,46,46,36,36,32,17
Bolivia,BOL,Time required to start a business (days),IC.REG.DURS,..,..,..,..,..,..,..,..,..,..,..,..,..,60,60,50,50,50,50,50,49,49,49,49,49
Bosnia and Herzegovina,BIH,Time required to start a business (days),IC.REG.DURS,..,..,..,..,..,..,..,..,..,..,..,..,..,68,63,63,63,63,69,69,64,40,37,37,37
Botswana,BWA,Time required to start a business (days),IC.REG.DURS,..,..,..,..,..,..,..,..,..,..,..,..,..,125,125,125,105,105,74,59,59,59,59,60,60
Brazil,BRA,Time required to start a business (days),IC.REG.DURS,..,..,..,..,..,..,..,..,..,..,..,..,..,156,156,156,151,152,147,122,122,122,122,86.6,83.6
Brunei Darussalam,BRN,Time required to start a business (days),IC.REG.DURS,..,..,..,..,..,..,..,..,..,..,..,..,..,..,..,..,116,116,116,116,105,101,101,101,101
Bulgaria,BGR,Time required to start a business (days),IC.REG.DURS,..,..,..,..,..,..,..,..,..,..,..,..,..,32,32,32,32,32,49,18,18,18,18,18,18
Burkina Faso,BFA,Time required to start a business (days),IC.REG.DURS,..,..,..,..,..,..,..,..,..,..,..,..,..,40,40,40,34,18,16,14,14,13,13,13,13
Burundi,BDI,Time required to start a business (days),IC.REG.DURS,..,..,..,..,..,..,..,..,..,..,..,..,..,13,13,13,13,13,13,13,13,13,7,5,5
Cabo Verde,CPV,Time required to start a business (days),IC.REG.DURS,..,..,..,..,..,..,..,..,..,..,..,..,..,..,..,60,52,52,52,24,11,11,11,10,10
Cambodia,KHM,Time required to start a business (days),IC.REG.DURS,..,..,..,..,..,..,..,..,..,..,..,..,..,94,94,87,86,86,102,102,102,102,102,101,101
Cameroon,CMR,Time required to start a business (days),IC.REG.DURS,..,..,..,..,..,..,..,..,..,..,..,..,..,45,45,45,45,38,38,35,19,15,15,15,15
Canada,CAN,Time required to start a business (days),IC.REG.DURS,..,..,..,..,..,..,..,..,..,..,..,..,..,3,3,3,3,3,5,5,5,5,5,5,5
Cayman Islands,CYM,Time required to start a business (days),IC.REG.DURS,..,..,..,..,..,..,..,..,..,..,..,..,..,..,..,..,..,..,..,..,..,..,..,..,..
Central African Republic,CAF,Time required to start a business (days),IC.REG.DURS,..,..,..,..,..,..,..,..,..,..,..,..,..,22,22,22,22,22,23,24,24,22,22,22,22
Chad,TCD,Time required to start a business (days),IC.REG.DURS,..,..,..,..,..,..,..,..,..,..,..,..,..,62,62,62,62,62,62,62,62,53,60,60,60
Channel Islands,CHI,Time required to start a business (days),IC.REG.DURS,..,..,..,..,..,..,..,..,..,..,..,..,..,..,..,..,..,..,..,..,..,..,..,..,..
Chile,CHL,Time required to start a business (days),IC.REG.DURS,..,..,..,..,..,..,..,..,..,..,..,..,..,42,42,42,40,40,40,40,34.5,7.5,5.5,5.5,5.5
China,CHN,Time required to start a business (days),IC.REG.DURS,..,..,..,..,..,..,..,..,..,..,..,..,..,48,48,48,35,35,41,38,38,38,33,34.4,31.4
Colombia,COL,Time required to start a business (days),IC.REG.DURS,..,..,..,..,..,..,..,..,..,..,..,..,..,43,40,40,41,40,34,18,10,10,11,11,11
Comoros,COM,Time required to start a business (days),IC.REG.DURS,..,..,..,..,..,..,..,..,..,..,..,..,..,..,..,30,30,30,22,22,22,22,20,15,15
"Congo, Dem. Rep.",COD,Time required to start a business (days),IC.REG.DURS,..,..,..,..,..,..,..,..,..,..,..,..,..,166,133,133,133,132,132,126,84,65,58,31,16
"Congo, Rep.",COG,Time required to start a business (days),IC.REG.DURS,..,..,..,..,..,..,..,..,..,..,..,..,..,37,37,37,37,38,161,161,161,161,161,101,53
Costa Rica,CRI,Time required to start a business (days),IC.REG.DURS,..,..,..,..,..,..,..,..,..,..,..,..,..,77,77,77,77,77,60,59.5,59.5,59.5,59.5,24,24
Cote d'Ivoire,CIV,Time required to start a business (days),IC.REG.DURS,..,..,..,..,..,..,..,..,..,..,..,..,..,62,58,45,45,42,40,40,40,32,32,8,7
Croatia,HRV,Time required to start a business (days),IC.REG.DURS,..,..,..,..,..,..,..,..,..,..,..,..,..,29,29,29,25,22.5,22.5,22.5,15.5,15,15,15,15
Cuba,CUB,Time required to start a business (days),IC.REG.DURS,..,..,..,..,..,..,..,..,..,..,..,..,..,..,..,..,..,..,..,..,..,..,..,..,..
Curacao,CUW,Time required to start a business (days),IC.REG.DURS,..,..,..,..,..,..,..,..,..,..,..,..,..,..,..,..,..,..,..,..,..,..,..,..,..
Cyprus,CYP,Time required to start a business (days),IC.REG.DURS,..,..,..,..,..,..,..,..,..,..,..,..,..,..,..,..,..,..,8,8,8,8,8,8,8
Czech Republic,CZE,Time required to start a business (days),IC.REG.DURS,..,..,..,..,..,..,..,..,..,..,..,..,..,40,40,40,24,17,20,20,20,19.5,19.5,19.5,19
Denmark,DNK,Time required to start a business (days),IC.REG.DURS,..,..,..,..,..,..,..,..,..,..,..,..,..,7,7,6,6,6,6,6,5.5,5.5,5.5,5.5,5.5
Djibouti,DJI,Time required to start a business (days),IC.REG.DURS,..,..,..,..,..,..,..,..,..,..,..,..,..,..,..,44,44,44,37,37,37,37,37,17,14
Dominica,DMA,Time required to start a business (days),IC.REG.DURS,..,..,..,..,..,..,..,..,..,..,..,..,..,..,..,14,14,14,13,13,13,12,12,12,12
Dominican Republic,DOM,Time required to start a business (days),IC.REG.DURS,..,..,..,..,..,..,..,..,..,..,..,..,..,79,79,76,81,30,20,21,20,19.5,19.5,19.5,19.5
East Asia & Pacific,EAS,Time required to start a business (days),IC.REG.DURS,..,..,..,..,..,..,..,..,..,..,..,..,..,44.8076923076923,47.037037037037,47.2222222222222,46.2142857142857,43.8571428571429,42.0535714285714,39.4107142857143,36.375,32.7857142857143,33,34.1413793103448,30.2620689655172
East Asia & Pacific (excluding high income),EAP,Time required to start a business (days),IC.REG.DURS,..,..,..,..,..,..,..,..,..,..,..,..,..,54.4736842105263,57,56.55,52.1,49.75,48.2,45.9,42.55,39.05,39.1904761904762,40.7809523809524,35.4238095238095
Ecuador,ECU,Time required to start a business (days),IC.REG.DURS,..,..,..,..,..,..,..,..,..,..,..,..,..,92,92,69,65,65,65,64,56,55.5,55.5,55.5,55.5
"Egypt, Arab Rep.",EGY,Time required to start a business (days),IC.REG.DURS,..,..,..,..,..,..,..,..,..,..,..,..,..,38,38,22,19,10,8,8,8,8,8,8,8
El Salvador,SLV,Time required to start a business (days),IC.REG.DURS,..,..,..,..,..,..,..,..,..,..,..,..,..,115,115,40,35,19.5,16.5,16.5,16.5,16.5,16.5,16.5,16.5
Equatorial Guinea,GNQ,Time required to start a business (days),IC.REG.DURS,..,..,..,..,..,..,..,..,..,..,..,..,..,..,..,177,154,155,155,155,155,133,154,135,135
Eritrea,ERI,Time required to start a business (days),IC.REG.DURS,..,..,..,..,..,..,..,..,..,..,..,..,..,..,76,76,76,83,84,84,84,84,84,84,84
Estonia,EST,Time required to start a business (days),IC.REG.DURS,..,..,..,..,..,..,..,..,..,..,..,..,..,72,72,35,35,6.5,6.5,6.5,6.5,6.5,6.5,6.5,4.5
Ethiopia,ETH,Time required to start a business (days),IC.REG.DURS,..,..,..,..,..,..,..,..,..,..,..,..,..,46,34,34,18,18,18,15,15,15,15,15,15
Euro area,EMU,Time required to start a business (days),IC.REG.DURS,..,..,..,..,..,..,..,..,..,..,..,..,..,48.6875,40.25,28.875,25.0882352941176,21.5294117647059,16.6666666666667,15.8333333333333,14.4166666666667,14.0526315789474,13.3947368421053,12.6052631578947,10.6052631578947
Europe & Central Asia,ECS,Time required to start a business (days),IC.REG.DURS,..,..,..,..,..,..,..,..,..,..,..,..,..,42.0952380952381,36.7906976744186,31.3636363636364,26.4347826086957,22.5434782608696,18.7872340425532,16.75,15.6458333333333,14.21875,13.8775510204082,12.7020408163265,11.2897959183673
Europe & Central Asia (excluding high income),ECA,Time required to start a business (days),IC.REG.DURS,..,..,..,..,..,..,..,..,..,..,..,..,..,43.4375,40.875,39.4705882352941,32.2222222222222,27.3333333333333,23,18.4210526315789,17.3157894736842,15.4736842105263,14.4210526315789,12.5526315789474,11.5526315789474
European Union,EUU,Time required to start a business (days),IC.REG.DURS,..,..,..,..,..,..,..,..,..,..,..,..,..,42.12,36.68,27.68,23.8461538461538,20.2307692307692,17.3703703703704,15.6666666666667,14.4814814814815,14.3571428571429,13.8035714285714,13.1607142857143,11.5714285714286
Faroe Islands,FRO,Time required to start a business (days),IC.REG.DURS,..,..,..,..,..,..,..,..,..,..,..,..,..,..,..,..,..,..,..,..,..,..,..,..,..
Fiji,FJI,Time required to start a business (days),IC.REG.DURS,..,..,..,..,..,..,..,..,..,..,..,..,..,31,31,44,44,44,44,44,44,44,58,59,59
Finland,FIN,Time required to start a business (days),IC.REG.DURS,..,..,..,..,..,..,..,..,..,..,..,..,..,31,14,14,14,14,14,14,14,14,14,14,14
France,FRA,Time required to start a business (days),IC.REG.DURS,..,..,..,..,..,..,..,..,..,..,..,..,..,41,7,7,7,7,6.5,6.5,6.5,6.5,6.5,6.5,4.5
French Polynesia,PYF,Time required to start a business (days),IC.REG.DURS,..,..,..,..,..,..,..,..,..,..,..,..,..,..,..,..,..,..,..,..,..,..,..,..,..
Gabon,GAB,Time required to start a business (days),IC.REG.DURS,..,..,..,..,..,..,..,..,..,..,..,..,..,..,..,57,57,57,57,57,57,57,57,50,50
"Gambia, The",GMB,Time required to start a business (days),IC.REG.DURS,..,..,..,..,..,..,..,..,..,..,..,..,..,..,..,28,27,32,27,27,27,27,27,27,26
Georgia,GEO,Time required to start a business (days),IC.REG.DURS,..,..,..,..,..,..,..,..,..,..,..,..,..,25,25,21,16,11,3,3,3,2,2,2,2
Germany,DEU,Time required to start a business (days),IC.REG.DURS,..,..,..,..,..,..,..,..,..,..,..,..,..,45,45,22,22,18,17.5,17.5,14.5,14.5,14.5,14.5,14.5
Ghana,GHA,Time required to start a business (days),IC.REG.DURS,..,..,..,..,..,..,..,..,..,..,..,..,..,21,21,17,17,13,11,11,11,11,11,14,14
Gibraltar,GIB,Time required to start a business (days),IC.REG.DURS,..,..,..,..,..,..,..,..,..,..,..,..,..,..,..,..,..,..,..,..,..,..,..,..,..
Greece,GRC,Time required to start a business (days),IC.REG.DURS,..,..,..,..,..,..,..,..,..,..,..,..,..,38,38,38,38,38,19,19,19,11,11,14,13
Greenland,GRL,Time required to start a business (days),IC.REG.DURS,..,..,..,..,..,..,..,..,..,..,..,..,..,..,..,..,..,..,..,..,..,..,..,..,..
Grenada,GRD,Time required to start a business (days),IC.REG.DURS,..,..,..,..,..,..,..,..,..,..,..,..,..,..,..,20,20,19,19,19,14,14,14,15,15
Guam,GUM,Time required to start a business (days),IC.REG.DURS,..,..,..,..,..,..,..,..,..,..,..,..,..,..,..,..,..,..,..,..,..,..,..,..,..
Guatemala,GTM,Time required to start a business (days),IC.REG.DURS,..,..,..,..,..,..,..,..,..,..,..,..,..,39,39,39,27,34,34,37,37,37,40,19.5,18.5
Guinea,GIN,Time required to start a business (days),IC.REG.DURS,..,..,..,..,..,..,..,..,..,..,..,..,..,48,40,40,40,40,40,40,40,40,35,16,8
Guinea-Bissau,GNB,Time required to start a business (days),IC.REG.DURS,..,..,..,..,..,..,..,..,..,..,..,..,..,..,..,259,260,259,259,216,216,9,9,9,9
Guyana,GUY,Time required to start a business (days),IC.REG.DURS,..,..,..,..,..,..,..,..,..,..,..,..,..,..,42,42,42,37,38,27,23,19,19,19,19
Haiti,HTI,Time required to start a business (days),IC.REG.DURS,..,..,..,..,..,..,..,..,..,..,..,..,..,260,202,202,202,202,224,224,134,134,134,97,97
Heavily indebted poor countries (HIPC),HPC,Time required to start a business (days),IC.REG.DURS,..,..,..,..,..,..,..,..,..,..,..,..,..,59.1724137931034,55.2352941176471,58.5135135135135,55.8157894736842,50.0526315789474,49.4210526315789,46.8947368421053,42.5,31.9868421052632,30.2368421052632,24.6315789473684,21.3289473684211
High income,HIC,Time required to start a business (days),IC.REG.DURS,..,..,..,..,..,..,..,..,..,..,..,..,..,37.7111111111111,32.9565217391304,32.1176470588235,30.0188679245283,26.7946428571429,24.2017543859649,23.6578947368421,22.5789473684211,19.7118644067797,19.925,19.0466666666667,17.7
High income: nonOECD,NOC,Time required to start a business (days),IC.REG.DURS,..,..,..,..,..,..,..,..,..,..,..,..,..,40.3333333333333,37.0666666666667,44.85,44.2380952380952,38.625,36.02,35.5,34.1,29.8703703703704,30.4285714285714,28.8,27.5607142857143
High income: OECD,OEC,Time required to start a business (days),IC.REG.DURS,..,..,..,..,..,..,..,..,..,..,..,..,..,36.4,30.9677419354839,23.9032258064516,20.6875,17.921875,14.96875,14.40625,13.578125,11.140625,10.734375,10.5125,9.071875
Honduras,HND,Time required to start a business (days),IC.REG.DURS,..,..,..,..,..,..,..,..,..,..,..,..,..,61,61,69,57,20,20,14,14,14,14,14,14
"Hong Kong SAR, China",HKG,Time required to start a business (days),IC.REG.DURS,..,..,..,..,..,..,..,..,..,..,..,..,..,11,11,11,11,11,11,6,6,2.5,2.5,2.5,2.5
Hungary,HUN,Time required to start a business (days),IC.REG.DURS,..,..,..,..,..,..,..,..,..,..,..,..,..,52,52,38,38,16,5,4,4,4,5,5,5
Iceland,ISL,Time required to start a business (days),IC.REG.DURS,..,..,..,..,..,..,..,..,..,..,..,..,..,..,5,5,5,5,5,5,5,4.5,4.5,4.5,4
India,IND,Time required to start a business (days),IC.REG.DURS,..,..,..,..,..,..,..,..,..,..,..,..,..,80,81,70,34,32,29,29,27,27,25,26.1,28.4
Indonesia,IDN,Time required to start a business (days),IC.REG.DURS,..,..,..,..,..,..,..,..,..,..,..,..,..,168,151,151,97,105,77,62,49,48,48,75.5,52.5
"Iran, Islamic Rep.",IRN,Time required to start a business (days),IC.REG.DURS,..,..,..,..,..,..,..,..,..,..,..,..,..,28,28,27,27,27,27,8,10,10,15,15,12
Iraq,IRQ,Time required to start a business (days),IC.REG.DURS,..,..,..,..,..,..,..,..,..,..,..,..,..,..,32,32,31,32,32,32,32,32,29,29,29
Ireland,IRL,Time required to start a business (days),IC.REG.DURS,..,..,..,..,..,..,..,..,..,..,..,..,..,18,18,18,13,13,13,13,13,13,10,10,6
Isle of Man,IMN,Time required to start a business (days),IC.REG.DURS,..,..,..,..,..,..,..,..,..,..,..,..,..,..,..,..,..,..,..,..,..,..,..,..,..
Israel,ISR,Time required to start a business (days),IC.REG.DURS,..,..,..,..,..,..,..,..,..,..,..,..,..,19,19,19,19,19,19,19,19,19,20,13,13
Italy,ITA,Time required to start a business (days),IC.REG.DURS,..,..,..,..,..,..,..,..,..,..,..,..,..,23,13,13,13,13,10,10,6,6,6,6,5
Jamaica,JAM,Time required to start a business (days),IC.REG.DURS,..,..,..,..,..,..,..,..,..,..,..,..,..,31,31,8,8,8,8,8,8,7,7,6,15
Japan,JPN,Time required to start a business (days),IC.REG.DURS,..,..,..,..,..,..,..,..,..,..,..,..,..,31,31,30,22,22,22,22,22,11,11,10.7,10.7
Jordan,JOR,Time required to start a business (days),IC.REG.DURS,..,..,..,..,..,..,..,..,..,..,..,..,..,79,26,16,16,13,13,12,12,12,12,12,12
Kazakhstan,KAZ,Time required to start a business (days),IC.REG.DURS,..,..,..,..,..,..,..,..,..,..,..,..,..,26,26,25,21,21,21,20,19,19,19,12,10
Kenya,KEN,Time required to start a business (days),IC.REG.DURS,..,..,..,..,..,..,..,..,..,..,..,..,..,60,47,54,54,44,31,31,31,33,32,32,30
Kiribati,KIR,Time required to start a business (days),IC.REG.DURS,..,..,..,..,..,..,..,..,..,..,..,..,..,21,31,31,31,31,31,31,31,31,31,31,31
"Korea, Dem. People’s Rep.",PRK,Time required to start a business (days),IC.REG.DURS,..,..,..,..,..,..,..,..,..,..,..,..,..,..,..,..,..,..,..,..,..,..,..,..,..
"Korea, Rep.",KOR,Time required to start a business (days),IC.REG.DURS,..,..,..,..,..,..,..,..,..,..,..,..,..,17,17,17,17,17,17,14,14,7,4,4,4
Kosovo,XKX,Time required to start a business (days),IC.REG.DURS,..,..,..,..,..,..,..,..,..,..,..,..,..,..,..,..,..,..,..,52,58,58,52,30,11
Kuwait,KWT,Time required to start a business (days),IC.REG.DURS,..,..,..,..,..,..,..,..,..,..,..,..,..,35,35,35,35,35,35,35,35,32,32,32,31
Kyrgyz Republic,KGZ,Time required to start a business (days),IC.REG.DURS,..,..,..,..,..,..,..,..,..,..,..,..,..,21,21,21,21,21,15,11,10,10,10,8,8
Lao PDR,LAO,Time required to start a business (days),IC.REG.DURS,..,..,..,..,..,..,..,..,..,..,..,..,..,153,153,153,123,93,93,93,93,93,92,92,92
Latin America & Caribbean,LCN,Time required to start a business (days),IC.REG.DURS,..,..,..,..,..,..,..,..,..,..,..,..,..,75.2857142857143,69.0454545454545,75.4516129032258,70.6774193548387,64.921875,64,61.703125,57,52.9848484848485,53.1060606060606,34.2242424242424,29.3151515151515
Latin America & Caribbean (excluding high income),LAC,Time required to start a business (days),IC.REG.DURS,..,..,..,..,..,..,..,..,..,..,..,..,..,79.875,73.6470588235294,84.9565217391304,80.304347826087,74.0869565217391,72.8260869565217,68.9347826086957,63,62.6521739130435,62.7826086956522,35.9086956521739,29.9086956521739
Latvia,LVA,Time required to start a business (days),IC.REG.DURS,..,..,..,..,..,..,..,..,..,..,..,..,..,16,16,16,16,16,15.5,15.5,15.5,15.5,15.5,12.5,12.5
Least developed countries: UN classification,LDC,Time required to start a business (days),IC.REG.DURS,..,..,..,..,..,..,..,..,..,..,..,..,..,66.6363636363636,65.5131578947368,69.1744186046512,64.7840909090909,60.4431818181818,55.0340909090909,52.7613636363636,47.9431818181818,37.4545454545455,36.3369565217391,32.3,28.8695652173913
Lebanon,LBN,Time required to start a business (days),IC.REG.DURS,..,..,..,..,..,..,..,..,..,..,..,..,..,46,46,46,46,46,11,9,9,9,9,9,9
Lesotho,LSO,Time required to start a business (days),IC.REG.DURS,..,..,..,..,..,..,..,..,..,..,..,..,..,138,138,103,73,73,39,39,39,39,29,29,29
Liberia,LBR,Time required to start a business (days),IC.REG.DURS,..,..,..,..,..,..,..,..,..,..,..,..,..,..,..,..,68,68,32,20,20,5.5,5.5,4.5,4.5
Libya,LBY,Time required to start a business (days),IC.REG.DURS,..,..,..,..,..,..,..,..,..,..,..,..,..,..,..,..,..,..,..,..,..,..,35,35,35
Liechtenstein,LIE,Time required to start a business (days),IC.REG.DURS,..,..,..,..,..,..,..,..,..,..,..,..,..,..,..,..,..,..,..,..,..,..,..,..,..
Lithuania,LTU,Time required to start a business (days),IC.REG.DURS,..,..,..,..,..,..,..,..,..,..,..,..,..,26,26,26,26,26,26,26,22,22,19.5,6.5,3.5
Low & middle income,LMY,Time required to start a business (days),IC.REG.DURS,..,..,..,..,..,..,..,..,..,..,..,..,..,56.88,54.3899082568807,57.6138211382114,53.308,49.164,45.228,41.9126984126984,39.1547619047619,35.0079365079365,34.1976744186046,27.577519379845,24.4302325581395
Low income,LIC,Time required to start a business (days),IC.REG.DURS,..,..,..,..,..,..,..,..,..,..,..,..,..,66.5909090909091,57.375,62.0740740740741,58.6785714285714,54.0357142857143,52.8571428571429,50.2142857142857,44.75,35.875,33.0172413793103,28.5689655172414,27.1379310344828
Lower middle income,LMC,Time required to start a business (days),IC.REG.DURS,..,..,..,..,..,..,..,..,..,..,..,..,..,55.6,57.2111111111111,54.0102040816327,49.969387755102,45.7142857142857,41.265306122449,38.44,35.62,31.16,30.7745098039216,27.8078431372549,23.1411764705882
Luxembourg,LUX,Time required to start a business (days),IC.REG.DURS,..,..,..,..,..,..,..,..,..,..,..,..,..,..,..,..,29,25,25,23,17.5,17.5,17.5,18.5,18.5
"Macao SAR, China",MAC,Time required to start a business (days),IC.REG.DURS,..,..,..,..,..,..,..,..,..,..,..,..,..,..,..,..,..,..,..,..,..,..,..,..,..
"Macedonia, FYR",MKD,Time required to start a business (days),IC.REG.DURS,..,..,..,..,..,..,..,..,..,..,..,..,..,48,48,48,18,15,9,4,3,3,2,2,2
Madagascar,MDG,Time required to start a business (days),IC.REG.DURS,..,..,..,..,..,..,..,..,..,..,..,..,..,67,47,42,20,7,7,8,8,7,9,8,8
Malawi,MWI,Time required to start a business (days),IC.REG.DURS,..,..,..,..,..,..,..,..,..,..,..,..,..,43,37,37,37,37,37,36,36,36,37,40,38
Malaysia,MYS,Time required to start a business (days),IC.REG.DURS,..,..,..,..,..,..,..,..,..,..,..,..,..,37,37,37,37,31,20,18,17,5,6,6,5.5
Maldives,MDV,Time required to start a business (days),IC.REG.DURS,..,..,..,..,..,..,..,..,..,..,..,..,..,9,9,9,9,9,9,9,9,9,9,9,9
Mali,MLI,Time required to start a business (days),IC.REG.DURS,..,..,..,..,..,..,..,..,..,..,..,..,..,33,33,27,42,25,25,8,8,8,8,11,11
Malta,MLT,Time required to start a business (days),IC.REG.DURS,..,..,..,..,..,..,..,..,..,..,..,..,..,..,..,..,..,..,..,..,..,39.5,39.5,39.5,34.5
Marshall Islands,MHL,Time required to start a business (days),IC.REG.DURS,..,..,..,..,..,..,..,..,..,..,..,..,..,22,17,17,17,17,17,17,17,17,17,17,17
Mauritania,MRT,Time required to start a business (days),IC.REG.DURS,..,..,..,..,..,..,..,..,..,..,..,..,..,82,82,82,82,50,19,19,19,19,19,19,9
Mauritius,MUS,Time required to start a business (days),IC.REG.DURS,..,..,..,..,..,..,..,..,..,..,..,..,..,..,46,46,46,7,6,6,6,6,6,6,6
Mayotte,MYT,Time required to start a business (days),IC.REG.DURS,..,..,..,..,..,..,..,..,..,..,..,..,..,..,..,..,..,..,..,..,..,..,..,..,..
Mexico,MEX,Time required to start a business (days),IC.REG.DURS,..,..,..,..,..,..,..,..,..,..,..,..,..,30,30,30,8,7.5,9,8,6,6,6,6.3,6.3
"Micronesia, Fed. Sts.",FSM,Time required to start a business (days),IC.REG.DURS,..,..,..,..,..,..,..,..,..,..,..,..,..,36,16,16,16,16,16,16,16,16,16,16,16
Middle East & North Africa,MEA,Time required to start a business (days),IC.REG.DURS,..,..,..,..,..,..,..,..,..,..,..,..,..,39.8571428571429,37.375,35.7647058823529,34.4705882352941,29.6315789473684,19.5789473684211,18.1052631578947,18.2368421052632,18.75,20.7619047619048,19.3571428571429,18.6428571428571
Middle East & North Africa (excluding high income),MNA,Time required to start a business (days),IC.REG.DURS,..,..,..,..,..,..,..,..,..,..,..,..,..,41.7777777777778,37.8181818181818,36.0833333333333,35.75,34.75,21,19,19,18.9166666666667,22.4615384615385,20.6923076923077,20
Middle income,MIC,Time required to start a business (days),IC.REG.DURS,..,..,..,..,..,..,..,..,..,..,..,..,..,54.1410256410256,53.5470588235294,56.359375,51.7577319587629,47.7577319587629,43.0257731958763,39.5408163265306,37.5561224489796,34.7602040816327,34.54,27.29,23.645
Moldova,MDA,Time required to start a business (days),IC.REG.DURS,..,..,..,..,..,..,..,..,..,..,..,..,..,42,30,30,30,23,15,10,10,9,9,7,6
Monaco,MCO,Time required to start a business (days),IC.REG.DURS,..,..,..,..,..,..,..,..,..,..,..,..,..,..,..,..,..,..,..,..,..,..,..,..,..
Mongolia,MNG,Time required to start a business (days),IC.REG.DURS,..,..,..,..,..,..,..,..,..,..,..,..,..,20,13,13,13,13,13,13,13,13,12,11,11
Montenegro,MNE,Time required to start a business (days),IC.REG.DURS,..,..,..,..,..,..,..,..,..,..,..,..,..,..,..,..,24,24,21,12,10,10,10,10,10
Morocco,MAR,Time required to start a business (days),IC.REG.DURS,..,..,..,..,..,..,..,..,..,..,..,..,..,35,12,12,12,12,12,12,12,12,12,11,11
Mozambique,MOZ,Time required to start a business (days),IC.REG.DURS,..,..,..,..,..,..,..,..,..,..,..,..,..,153,167,167,112,29,26,26,13,13,13,13,13
Myanmar,MMR,Time required to start a business (days),IC.REG.DURS,..,..,..,..,..,..,..,..,..,..,..,..,..,..,..,..,..,..,..,..,..,..,72,72,72
Namibia,NAM,Time required to start a business (days),IC.REG.DURS,..,..,..,..,..,..,..,..,..,..,..,..,..,85,85,95,95,99,66,66,66,66,66,66,66
Nepal,NPL,Time required to start a business (days),IC.REG.DURS,..,..,..,..,..,..,..,..,..,..,..,..,..,31,31,31,31,31,31,31,31,29,29,17,17
Netherlands,NLD,Time required to start a business (days),IC.REG.DURS,..,..,..,..,..,..,..,..,..,..,..,..,..,9,9,9,8,8,8,8,8,8,5,4,4
New Caledonia,NCL,Time required to start a business (days),IC.REG.DURS,..,..,..,..,..,..,..,..,..,..,..,..,..,..,..,..,..,..,..,..,..,..,..,..,..
New Zealand,NZL,Time required to start a business (days),IC.REG.DURS,..,..,..,..,..,..,..,..,..,..,..,..,..,12,12,12,12,12,0.5,0.5,0.5,0.5,0.5,0.5,0.5
Nicaragua,NIC,Time required to start a business (days),IC.REG.DURS,..,..,..,..,..,..,..,..,..,..,..,..,..,47,40,40,40,39,39,39,39,39,39,36,13
Niger,NER,Time required to start a business (days),IC.REG.DURS,..,..,..,..,..,..,..,..,..,..,..,..,..,35,35,35,31,23,19,17,17,17,17,17,15
Nigeria,NGA,Time required to start a business (days),IC.REG.DURS,..,..,..,..,..,..,..,..,..,..,..,..,..,36,36,35,35,27,25,25,25,28,28,30.8,30.8
North America,NAC,Time required to start a business (days),IC.REG.DURS,..,..,..,..,..,..,..,..,..,..,..,..,..,4.5,4.5,4.5,4.5,4.5,5,5,5,5,5,5.6,5.3
Northern Mariana Islands,MNP,Time required to start a business (days),IC.REG.DURS,..,..,..,..,..,..,..,..,..,..,..,..,..,..,..,..,..,..,..,..,..,..,..,..,..
Norway,NOR,Time required to start a business (days),IC.REG.DURS,..,..,..,..,..,..,..,..,..,..,..,..,..,18,18,8,7,8,6,6,6,6,6,6,5
OECD members,OED,Time required to start a business (days),IC.REG.DURS,..,..,..,..,..,..,..,..,..,..,..,..,..,36.25,30.1818181818182,23.5454545454545,19.8823529411765,17.2647058823529,14.5294117647059,13.9705882352941,13.1323529411765,10.8382352941176,10.4558823529412,10.2558823529412,8.91470588235294
Oman,OMN,Time required to start a business (days),IC.REG.DURS,..,..,..,..,..,..,..,..,..,..,..,..,..,35,35,35,42,39,13,11,11,7,7,7,7
Pakistan,PAK,Time required to start a business (days),IC.REG.DURS,..,..,..,..,..,..,..,..,..,..,..,..,..,24,24,22,24,23,23,19,19,19,19,19,19
Palau,PLW,Time required to start a business (days),IC.REG.DURS,..,..,..,..,..,..,..,..,..,..,..,..,..,33,24,24,28,28,28,28,28,28,28,28,28
Panama,PAN,Time required to start a business (days),IC.REG.DURS,..,..,..,..,..,..,..,..,..,..,..,..,..,18,18,18,18,18,12,12,9,8,7,6,6
Papua New Guinea,PNG,Time required to start a business (days),IC.REG.DURS,..,..,..,..,..,..,..,..,..,..,..,..,..,52,52,52,52,52,52,52,52,52,52,53,53
Paraguay,PRY,Time required to start a business (days),IC.REG.DURS,..,..,..,..,..,..,..,..,..,..,..,..,..,72,72,72,72,34,35,35,35,35,35,35,35
Peru,PER,Time required to start a business (days),IC.REG.DURS,..,..,..,..,..,..,..,..,..,..,..,..,..,98,98,104,74,74,66.5,40.5,27,26,26,26,26
Philippines,PHL,Time required to start a business (days),IC.REG.DURS,..,..,..,..,..,..,..,..,..,..,..,..,..,49,49,47,47,47,41,42,37,36,36,36,34
Poland,POL,Time required to start a business (days),IC.REG.DURS,..,..,..,..,..,..,..,..,..,..,..,..,..,56,56,46,31,31,31,32,32,32,32,30,30
Portugal,PRT,Time required to start a business (days),IC.REG.DURS,..,..,..,..,..,..,..,..,..,..,..,..,..,78,78,48,6.5,5.5,4.5,4.5,4.5,3.5,3.5,2.5,2.5
Puerto Rico,PRI,Time required to start a business (days),IC.REG.DURS,..,..,..,..,..,..,..,..,..,..,..,..,..,7,7,7,7,7,7,7,7,6,6,6,6
Qatar,QAT,Time required to start a business (days),IC.REG.DURS,..,..,..,..,..,..,..,..,..,..,..,..,..,..,..,..,..,7,7,7,9.5,8.5,8.5,8.5,8.5
Romania,ROU,Time required to start a business (days),IC.REG.DURS,..,..,..,..,..,..,..,..,..,..,..,..,..,29,28,11,11,9,9,9,9,13.5,9.5,8.5,8
Russian Federation,RUS,Time required to start a business (days),IC.REG.DURS,..,..,..,..,..,..,..,..,..,..,..,..,..,43,30,29,29,29,29,29,29,29,18,12.9,11.2
Rwanda,RWA,Time required to start a business (days),IC.REG.DURS,..,..,..,..,..,..,..,..,..,..,..,..,..,18,18,18,16,16,14,7,7,7,8,7,6.5
Samoa,WSM,Time required to start a business (days),IC.REG.DURS,..,..,..,..,..,..,..,..,..,..,..,..,..,42,42,35,35,35,35,9,9,9,9,9,9
San Marino,SMR,Time required to start a business (days),IC.REG.DURS,..,..,..,..,..,..,..,..,..,..,..,..,..,..,..,..,..,..,..,..,..,..,40,40,40
Sao Tome and Principe,STP,Time required to start a business (days),IC.REG.DURS,..,..,..,..,..,..,..,..,..,..,..,..,..,..,144,144,144,144,144,144,144,10,5,5,4
Saudi Arabia,SAU,Time required to start a business (days),IC.REG.DURS,..,..,..,..,..,..,..,..,..,..,..,..,..,74,74,67,42,19,19,20,20,20,20,20.5,20.5
Senegal,SEN,Time required to start a business (days),IC.REG.DURS,..,..,..,..,..,..,..,..,..,..,..,..,..,57,57,57,57,58,9,9,9,6,6,6,6
Serbia,SRB,Time required to start a business (days),IC.REG.DURS,..,..,..,..,..,..,..,..,..,..,..,..,..,56,56,23,23,23,23,13,13,13,12,12,12
Seychelles,SYC,Time required to start a business (days),IC.REG.DURS,..,..,..,..,..,..,..,..,..,..,..,..,..,..,..,39,39,39,39,39,39,39,39,38,38
Sierra Leone,SLE,Time required to start a business (days),IC.REG.DURS,..,..,..,..,..,..,..,..,..,..,..,..,..,26,26,26,26,26,17,12,12,12,12,12,12
Singapore,SGP,Time required to start a business (days),IC.REG.DURS,..,..,..,..,..,..,..,..,..,..,..,..,..,8,8,6,6,5,3.5,2.5,2.5,2.5,2.5,2.5,2.5
Sint Maarten (Dutch part),SXM,Time required to start a business (days),IC.REG.DURS,..,..,..,..,..,..,..,..,..,..,..,..,..,..,..,..,..,..,..,..,..,..,..,..,..
Slovak Republic,SVK,Time required to start a business (days),IC.REG.DURS,..,..,..,..,..,..,..,..,..,..,..,..,..,103,52,27,27,27,17.5,17.5,17.5,17.5,13.5,18.5,11.5
Slovenia,SVN,Time required to start a business (days),IC.REG.DURS,..,..,..,..,..,..,..,..,..,..,..,..,..,60,60,60,60,60,19,6,6,6,6,6,6
Solomon Islands,SLB,Time required to start a business (days),IC.REG.DURS,..,..,..,..,..,..,..,..,..,..,..,..,..,55,55,55,55,55,55,55,55,41,7,9,9
Somalia,SOM,Time required to start a business (days),IC.REG.DURS,..,..,..,..,..,..,..,..,..,..,..,..,..,..,..,..,..,..,..,..,..,..,..,..,..
South Africa,ZAF,Time required to start a business (days),IC.REG.DURS,..,..,..,..,..,..,..,..,..,..,..,..,..,36,36,33,33,31,22,22,22,19,19,19,19
South Asia,SAS,Time required to start a business (days),IC.REG.DURS,..,..,..,..,..,..,..,..,..,..,..,..,..,46,39.1875,37.5625,32.3125,32.6875,32.1875,28.5625,25.4375,23.5625,20.3125,17.6125,15.9875
South Sudan,SSD,Time required to start a business (days),IC.REG.DURS,..,..,..,..,..,..,..,..,..,..,..,..,..,..,..,..,..,..,..,..,..,..,14,14,14
Spain,ESP,Time required to start a business (days),IC.REG.DURS,..,..,..,..,..,..,..,..,..,..,..,..,..,138,137,70,60,60,61,61,52,29,29,23,13
Sri Lanka,LKA,Time required to start a business (days),IC.REG.DURS,..,..,..,..,..,..,..,..,..,..,..,..,..,56,46,46,46,42,44,44,38,35,11,11,11
St. Kitts and Nevis,KNA,Time required to start a business (days),IC.REG.DURS,..,..,..,..,..,..,..,..,..,..,..,..,..,..,..,19,19,19,19,19,19,19,19,18.5,18.5
St. Lucia,LCA,Time required to start a business (days),IC.REG.DURS,..,..,..,..,..,..,..,..,..,..,..,..,..,..,..,22,20,20,20,14,14,15,15,15,15
St. Martin (French part),MAF,Time required to start a business (days),IC.REG.DURS,..,..,..,..,..,..,..,..,..,..,..,..,..,..,..,..,..,..,..,..,..,..,..,..,..
St. Vincent and the Grenadines,VCT,Time required to start a business (days),IC.REG.DURS,..,..,..,..,..,..,..,..,..,..,..,..,..,..,..,12,12,12,12,11,10,10,10,10,10
Sub-Saharan Africa,SSF,Time required to start a business (days),IC.REG.DURS,..,..,..,..,..,..,..,..,..,..,..,..,..,60.0606060606061,58.1891891891892,62.5111111111111,58.695652173913,53.695652173913,49.6739130434783,47.0652173913044,44.9347826086956,35.9021739130435,34.2340425531915,29.7829787234043,27.3468085106383
Sub-Saharan Africa (excluding high income),SSA,Time required to start a business (days),IC.REG.DURS,..,..,..,..,..,..,..,..,..,..,..,..,..,60.0606060606061,58.1891891891892,60.3953488372093,56.9772727272727,51.7272727272727,47.5227272727273,44.7954545454545,42.5681818181818,33.625,31.4666666666667,27.2622222222222,24.7177777777778
Sudan,SDN,Time required to start a business (days),IC.REG.DURS,..,..,..,..,..,..,..,..,..,..,..,..,..,..,37,37,37,37,37,35,35,35,35,36,36
Suriname,SUR,Time required to start a business (days),IC.REG.DURS,..,..,..,..,..,..,..,..,..,..,..,..,..,..,..,697,689,689,690,690,690,690,690,204,84
Swaziland,SWZ,Time required to start a business (days),IC.REG.DURS,..,..,..,..,..,..,..,..,..,..,..,..,..,..,..,60,60,60,60,60,56,56,56,38,30
Sweden,SWE,Time required to start a business (days),IC.REG.DURS,..,..,..,..,..,..,..,..,..,..,..,..,..,16,16,16,16,16,16,16,16,16,16,16,16
Switzerland,CHE,Time required to start a business (days),IC.REG.DURS,..,..,..,..,..,..,..,..,..,..,..,..,..,20,18,18,18,18,18,18,18,18,18,18,10
Syrian Arab Republic,SYR,Time required to start a business (days),IC.REG.DURS,..,..,..,..,..,..,..,..,..,..,..,..,..,43,43,43,43,43,16,15,13,13,13,13,13
Tajikistan,TJK,Time required to start a business (days),IC.REG.DURS,..,..,..,..,..,..,..,..,..,..,..,..,..,..,..,79,79,66,66,42,27,24,24,33,39
Tanzania,TZA,Time required to start a business (days),IC.REG.DURS,..,..,..,..,..,..,..,..,..,..,..,..,..,34,34,34,31,30,29,29,29,29,26,26,26
Thailand,THA,Time required to start a business (days),IC.REG.DURS,..,..,..,..,..,..,..,..,..,..,..,..,..,33,33,33,33,33,33,32,32,29,29,27.5,27.5
Timor-Leste,TLS,Time required to start a business (days),IC.REG.DURS,..,..,..,..,..,..,..,..,..,..,..,..,..,..,167,167,167,158,157,157,110,94,94,94,10
Togo,TGO,Time required to start a business (days),IC.REG.DURS,..,..,..,..,..,..,..,..,..,..,..,..,..,74,63,63,62,60,60,84,84,84,38,19,10
Tonga,TON,Time required to start a business (days),IC.REG.DURS,..,..,..,..,..,..,..,..,..,..,..,..,..,32,32,32,32,32,25,25,25,16,16,16,16
Trinidad and Tobago,TTO,Time required to start a business (days),IC.REG.DURS,..,..,..,..,..,..,..,..,..,..,..,..,..,..,..,74,41,41,41,41,40,40,40,35.5,11.5
Tunisia,TUN,Time required to start a business (days),IC.REG.DURS,..,..,..,..,..,..,..,..,..,..,..,..,..,11,11,11,11,11,11,11,11,11,11,11,11
Turkey,TUR,Time required to start a business (days),IC.REG.DURS,..,..,..,..,..,..,..,..,..,..,..,..,..,38,6,6,6,6,6,6,6,6,6,6,6.5
Turkmenistan,TKM,Time required to start a business (days),IC.REG.DURS,..,..,..,..,..,..,..,..,..,..,..,..,..,..,..,..,..,..,..,..,..,..,..,..,..
Turks and Caicos Islands,TCA,Time required to start a business (days),IC.REG.DURS,..,..,..,..,..,..,..,..,..,..,..,..,..,..,..,..,..,..,..,..,..,..,..,..,..
Tuvalu,TUV,Time required to start a business (days),IC.REG.DURS,..,..,..,..,..,..,..,..,..,..,..,..,..,..,..,..,..,..,..,..,..,..,..,..,..
Uganda,UGA,Time required to start a business (days),IC.REG.DURS,..,..,..,..,..,..,..,..,..,..,..,..,..,34,34,34,28,28,25,25,24,33,33,32,32
Ukraine,UKR,Time required to start a business (days),IC.REG.DURS,..,..,..,..,..,..,..,..,..,..,..,..,..,40,34,34,33,27,27,27,27,24,22,21,21
United Arab Emirates,ARE,Time required to start a business (days),IC.REG.DURS,..,..,..,..,..,..,..,..,..,..,..,..,..,19,19,19,19,18,18,15,15,13,8,8,8
United Kingdom,GBR,Time required to start a business (days),IC.REG.DURS,..,..,..,..,..,..,..,..,..,..,..,..,..,13,13,12,10.5,10.5,10.5,10.5,11.5,11.5,11.5,11.5,6
United States,USA,Time required to start a business (days),IC.REG.DURS,..,..,..,..,..,..,..,..,..,..,..,..,..,6,6,6,6,6,5,5,5,5,5,6.2,5.6
Upper middle income,UMC,Time required to start a business (days),IC.REG.DURS,..,..,..,..,..,..,..,..,..,..,..,..,..,52.6052631578947,49.425,58.8085106382979,53.5833333333333,49.84375,44.8229166666667,40.6875,39.5729166666667,38.5104166666667,38.4591836734694,26.7510204081633,24.169387755102
Uruguay,URY,Time required to start a business (days),IC.REG.DURS,..,..,..,..,..,..,..,..,..,..,..,..,..,45,45,45,43,43,43,64,64,6.5,6.5,6.5,6.5
Uzbekistan,UZB,Time required to start a business (days),IC.REG.DURS,..,..,..,..,..,..,..,..,..,..,..,..,..,28,28,28,28,14,14,14,14,13,11,7.5,7.5
Vanuatu,VUT,Time required to start a business (days),IC.REG.DURS,..,..,..,..,..,..,..,..,..,..,..,..,..,47,47,47,47,47,47,47,47,33,33,35,35
"Venezuela, RB",VEN,Time required to start a business (days),IC.REG.DURS,..,..,..,..,..,..,..,..,..,..,..,..,..,143,143,143,143,142,141,141,141,141,144,144,144
Vietnam,VNM,Time required to start a business (days),IC.REG.DURS,..,..,..,..,..,..,..,..,..,..,..,..,..,62,48,42,47,37,37,37,36,36,32,34,34
Virgin Islands (U.S.),VIR,Time required to start a business (days),IC.REG.DURS,..,..,..,..,..,..,..,..,..,..,..,..,..,..,..,..,..,..,..,..,..,..,..,..,..
West Bank and Gaza,PSE,Time required to start a business (days),IC.REG.DURS,..,..,..,..,..,..,..,..,..,..,..,..,..,..,93,93,93,92,48,48,48,47,47,45,44
World,WLD,Time required to start a business (days),IC.REG.DURS,..,..,..,..,..,..,..,..,..,..,..,..,..,50.9310344827586,48.0290322580645,50.1408045977011,46.373595505618,42.2430939226519,38.6428571428571,36.2267759562842,33.9918032786885,30.1297297297297,29.6666666666667,24.8693121693122,22.2936507936508
"Yemen, Rep.",YEM,Time required to start a business (days),IC.REG.DURS,..,..,..,..,..,..,..,..,..,..,..,..,..,72,63,63,63,63,13,12,12,12,40,40,40
Zambia,ZMB,Time required to start a business (days),IC.REG.DURS,..,..,..,..,..,..,..,..,..,..,..,..,..,35,35,35,35,33,18,18,18,18,17.5,7.5,6.5
Zimbabwe,ZWE,Time required to start a business (days),IC.REG.DURS,..,..,..,..,..,..,..,..,..,..,..,..,..,131,93,93,93,93,93,93,86,86,86,90,90
,,,,,,,,,,,,,,,,,,,,,,,,,,,,
,,,,,,,,,,,,,,,,,,,,,,,,,,,,
,,,,,,,,,,,,,,,,,,,,,,,,,,,,
Data from database: Jobs,,,,,,,,,,,,,,,,,,,,,,,,,,,,
Last Updated: 10/04/2017,,,,,,,,,,,,,,,,,,,,,,,,,,,,
